#TradeId,TradeType,Maturity,MaturityTime,NPV,NpvCurrency,NPV(Base),BaseCurrency,Notional,NotionalCurrency,Notional(Base),NettingSet,CounterParty
Swap_20_1,Swap,2035-10-29,19.729029,99677.402771,EUR,99677.402771,EUR,10000000.00,EUR,10000000.00,CPTY_A,CPTY_A
Swap_20_10,Swap,2035-10-29,19.729029,99677.402771,EUR,99677.402771,EUR,10000000.00,EUR,10000000.00,CPTY_A,CPTY_A
Swap_20_100,Swap,2035-10-29,19.729029,99677.402771,EUR,99677.402771,EUR,10000000.00,EUR,10000000.00,CPTY_A,CPTY_A
Swap_20_101,Swap,2035-10-29,19.729029,99677.402771,EUR,99677.402771,EUR,10000000.00,EUR,10000000.00,CPTY_A,CPTY_A
Swap_20_102,Swap,2035-10-29,19.729029,99677.402771,EUR,99677.402771,EUR,10000000.00,EUR,10000000.00,CPTY_A,CPTY_A
Swap_20_103,Swap,2035-10-29,19.729029,99677.402771,EUR,99677.402771,EUR,10000000.00,EUR,10000000.00,CPTY_A,CPTY_A
Swap_20_104,Swap,2035-10-29,19.729029,99677.402771,EUR,99677.402771,EUR,10000000.00,EUR,10000000.00,CPTY_A,CPTY_A
Swap_20_105,Swap,2035-10-29,19.729029,99677.402771,EUR,99677.402771,EUR,10000000.00,EUR,10000000.00,CPTY_A,CPTY_A
Swap_20_106,Swap,2035-10-29,19.729029,99677.402771,EUR,99677.402771,EUR,10000000.00,EUR,10000000.00,CPTY_A,CPTY_A
Swap_20_107,Swap,2035-10-29,19.729029,99677.402771,EUR,99677.402771,EUR,10000000.00,EUR,10000000.00,CPTY_A,CPTY_A
Swap_20_108,Swap,2035-10-29,19.729029,99677.402771,EUR,99677.402771,EUR,10000000.00,EUR,10000000.00,CPTY_A,CPTY_A
Swap_20_109,Swap,2035-10-29,19.729029,99677.402771,EUR,99677.402771,EUR,10000000.00,EUR,10000000.00,CPTY_A,CPTY_A
Swap_20_11,Swap,2035-10-29,19.729029,99677.402771,EUR,99677.402771,EUR,10000000.00,EUR,10000000.00,CPTY_A,CPTY_A
Swap_20_110,Swap,2035-10-29,19.729029,99677.402771,EUR,99677.402771,EUR,10000000.00,EUR,10000000.00,CPTY_A,CPTY_A
Swap_20_111,Swap,2035-10-29,19.729029,99677.402771,EUR,99677.402771,EUR,10000000.00,EUR,10000000.00,CPTY_A,CPTY_A
Swap_20_112,Swap,2035-10-29,19.729029,99677.402771,EUR,99677.402771,EUR,10000000.00,EUR,10000000.00,CPTY_A,CPTY_A
Swap_20_113,Swap,2035-10-29,19.729029,99677.402771,EUR,99677.402771,EUR,10000000.00,EUR,10000000.00,CPTY_A,CPTY_A
Swap_20_114,Swap,2035-10-29,19.729029,99677.402771,EUR,99677.402771,EUR,10000000.00,EUR,10000000.00,CPTY_A,CPTY_A
Swap_20_115,Swap,2035-10-29,19.729029,99677.402771,EUR,99677.402771,EUR,10000000.00,EUR,10000000.00,CPTY_A,CPTY_A
Swap_20_116,Swap,2035-10-29,19.729029,99677.402771,EUR,99677.402771,EUR,10000000.00,EUR,10000000.00,CPTY_A,CPTY_A
Swap_20_117,Swap,2035-10-29,19.729029,99677.402771,EUR,99677.402771,EUR,10000000.00,EUR,10000000.00,CPTY_A,CPTY_A
Swap_20_118,Swap,2035-10-29,19.729029,99677.402771,EUR,99677.402771,EUR,10000000.00,EUR,10000000.00,CPTY_A,CPTY_A
Swap_20_119,Swap,2035-10-29,19.729029,99677.402771,EUR,99677.402771,EUR,10000000.00,EUR,10000000.00,CPTY_A,CPTY_A
Swap_20_12,Swap,2035-10-29,19.729029,99677.402771,EUR,99677.402771,EUR,10000000.00,EUR,10000000.00,CPTY_A,CPTY_A
Swap_20_120,Swap,2035-10-29,19.729029,99677.402771,EUR,99677.402771,EUR,10000000.00,EUR,10000000.00,CPTY_A,CPTY_A
Swap_20_121,Swap,2035-10-29,19.729029,99677.402771,EUR,99677.402771,EUR,10000000.00,EUR,10000000.00,CPTY_A,CPTY_A
Swap_20_122,Swap,2035-10-29,19.729029,99677.402771,EUR,99677.402771,EUR,10000000.00,EUR,10000000.00,CPTY_A,CPTY_A
Swap_20_123,Swap,2035-10-29,19.729029,99677.402771,EUR,99677.402771,EUR,10000000.00,EUR,10000000.00,CPTY_A,CPTY_A
Swap_20_124,Swap,2035-10-29,19.729029,99677.402771,EUR,99677.402771,EUR,10000000.00,EUR,10000000.00,CPTY_A,CPTY_A
Swap_20_125,Swap,2035-10-29,19.729029,99677.402771,EUR,99677.402771,EUR,10000000.00,EUR,10000000.00,CPTY_A,CPTY_A
Swap_20_126,Swap,2035-10-29,19.729029,99677.402771,EUR,99677.402771,EUR,10000000.00,EUR,10000000.00,CPTY_A,CPTY_A
Swap_20_127,Swap,2035-10-29,19.729029,99677.402771,EUR,99677.402771,EUR,10000000.00,EUR,10000000.00,CPTY_A,CPTY_A
Swap_20_128,Swap,2035-10-29,19.729029,99677.402771,EUR,99677.402771,EUR,10000000.00,EUR,10000000.00,CPTY_A,CPTY_A
Swap_20_129,Swap,2035-10-29,19.729029,99677.402771,EUR,99677.402771,EUR,10000000.00,EUR,10000000.00,CPTY_A,CPTY_A
Swap_20_13,Swap,2035-10-29,19.729029,99677.402771,EUR,99677.402771,EUR,10000000.00,EUR,10000000.00,CPTY_A,CPTY_A
Swap_20_130,Swap,2035-10-29,19.729029,99677.402771,EUR,99677.402771,EUR,10000000.00,EUR,10000000.00,CPTY_A,CPTY_A
Swap_20_131,Swap,2035-10-29,19.729029,99677.402771,EUR,99677.402771,EUR,10000000.00,EUR,10000000.00,CPTY_A,CPTY_A
Swap_20_132,Swap,2035-10-29,19.729029,99677.402771,EUR,99677.402771,EUR,10000000.00,EUR,10000000.00,CPTY_A,CPTY_A
Swap_20_133,Swap,2035-10-29,19.729029,99677.402771,EUR,99677.402771,EUR,10000000.00,EUR,10000000.00,CPTY_A,CPTY_A
Swap_20_134,Swap,2035-10-29,19.729029,99677.402771,EUR,99677.402771,EUR,10000000.00,EUR,10000000.00,CPTY_A,CPTY_A
Swap_20_135,Swap,2035-10-29,19.729029,99677.402771,EUR,99677.402771,EUR,10000000.00,EUR,10000000.00,CPTY_A,CPTY_A
Swap_20_136,Swap,2035-10-29,19.729029,99677.402771,EUR,99677.402771,EUR,10000000.00,EUR,10000000.00,CPTY_A,CPTY_A
Swap_20_137,Swap,2035-10-29,19.729029,99677.402771,EUR,99677.402771,EUR,10000000.00,EUR,10000000.00,CPTY_A,CPTY_A
Swap_20_138,Swap,2035-10-29,19.729029,99677.402771,EUR,99677.402771,EUR,10000000.00,EUR,10000000.00,CPTY_A,CPTY_A
Swap_20_139,Swap,2035-10-29,19.729029,99677.402771,EUR,99677.402771,EUR,10000000.00,EUR,10000000.00,CPTY_A,CPTY_A
Swap_20_14,Swap,2035-10-29,19.729029,99677.402771,EUR,99677.402771,EUR,10000000.00,EUR,10000000.00,CPTY_A,CPTY_A
Swap_20_140,Swap,2035-10-29,19.729029,99677.402771,EUR,99677.402771,EUR,10000000.00,EUR,10000000.00,CPTY_A,CPTY_A
Swap_20_141,Swap,2035-10-29,19.729029,99677.402771,EUR,99677.402771,EUR,10000000.00,EUR,10000000.00,CPTY_A,CPTY_A
Swap_20_142,Swap,2035-10-29,19.729029,99677.402771,EUR,99677.402771,EUR,10000000.00,EUR,10000000.00,CPTY_A,CPTY_A
Swap_20_143,Swap,2035-10-29,19.729029,99677.402771,EUR,99677.402771,EUR,10000000.00,EUR,10000000.00,CPTY_A,CPTY_A
Swap_20_144,Swap,2035-10-29,19.729029,99677.402771,EUR,99677.402771,EUR,10000000.00,EUR,10000000.00,CPTY_A,CPTY_A
Swap_20_145,Swap,2035-10-29,19.729029,99677.402771,EUR,99677.402771,EUR,10000000.00,EUR,10000000.00,CPTY_A,CPTY_A
Swap_20_146,Swap,2035-10-29,19.729029,99677.402771,EUR,99677.402771,EUR,10000000.00,EUR,10000000.00,CPTY_A,CPTY_A
Swap_20_147,Swap,2035-10-29,19.729029,99677.402771,EUR,99677.402771,EUR,10000000.00,EUR,10000000.00,CPTY_A,CPTY_A
Swap_20_148,Swap,2035-10-29,19.729029,99677.402771,EUR,99677.402771,EUR,10000000.00,EUR,10000000.00,CPTY_A,CPTY_A
Swap_20_149,Swap,2035-10-29,19.729029,99677.402771,EUR,99677.402771,EUR,10000000.00,EUR,10000000.00,CPTY_A,CPTY_A
Swap_20_15,Swap,2035-10-29,19.729029,99677.402771,EUR,99677.402771,EUR,10000000.00,EUR,10000000.00,CPTY_A,CPTY_A
Swap_20_150,Swap,2035-10-29,19.729029,99677.402771,EUR,99677.402771,EUR,10000000.00,EUR,10000000.00,CPTY_A,CPTY_A
Swap_20_151,Swap,2035-10-29,19.729029,99677.402771,EUR,99677.402771,EUR,10000000.00,EUR,10000000.00,CPTY_A,CPTY_A
Swap_20_152,Swap,2035-10-29,19.729029,99677.402771,EUR,99677.402771,EUR,10000000.00,EUR,10000000.00,CPTY_A,CPTY_A
Swap_20_153,Swap,2035-10-29,19.729029,99677.402771,EUR,99677.402771,EUR,10000000.00,EUR,10000000.00,CPTY_A,CPTY_A
Swap_20_154,Swap,2035-10-29,19.729029,99677.402771,EUR,99677.402771,EUR,10000000.00,EUR,10000000.00,CPTY_A,CPTY_A
Swap_20_155,Swap,2035-10-29,19.729029,99677.402771,EUR,99677.402771,EUR,10000000.00,EUR,10000000.00,CPTY_A,CPTY_A
Swap_20_156,Swap,2035-10-29,19.729029,99677.402771,EUR,99677.402771,EUR,10000000.00,EUR,10000000.00,CPTY_A,CPTY_A
Swap_20_157,Swap,2035-10-29,19.729029,99677.402771,EUR,99677.402771,EUR,10000000.00,EUR,10000000.00,CPTY_A,CPTY_A
Swap_20_158,Swap,2035-10-29,19.729029,99677.402771,EUR,99677.402771,EUR,10000000.00,EUR,10000000.00,CPTY_A,CPTY_A
Swap_20_159,Swap,2035-10-29,19.729029,99677.402771,EUR,99677.402771,EUR,10000000.00,EUR,10000000.00,CPTY_A,CPTY_A
Swap_20_16,Swap,2035-10-29,19.729029,99677.402771,EUR,99677.402771,EUR,10000000.00,EUR,10000000.00,CPTY_A,CPTY_A
Swap_20_160,Swap,2035-10-29,19.729029,99677.402771,EUR,99677.402771,EUR,10000000.00,EUR,10000000.00,CPTY_A,CPTY_A
Swap_20_161,Swap,2035-10-29,19.729029,99677.402771,EUR,99677.402771,EUR,10000000.00,EUR,10000000.00,CPTY_A,CPTY_A
Swap_20_162,Swap,2035-10-29,19.729029,99677.402771,EUR,99677.402771,EUR,10000000.00,EUR,10000000.00,CPTY_A,CPTY_A
Swap_20_163,Swap,2035-10-29,19.729029,99677.402771,EUR,99677.402771,EUR,10000000.00,EUR,10000000.00,CPTY_A,CPTY_A
Swap_20_164,Swap,2035-10-29,19.729029,99677.402771,EUR,99677.402771,EUR,10000000.00,EUR,10000000.00,CPTY_A,CPTY_A
Swap_20_165,Swap,2035-10-29,19.729029,99677.402771,EUR,99677.402771,EUR,10000000.00,EUR,10000000.00,CPTY_A,CPTY_A
Swap_20_166,Swap,2035-10-29,19.729029,99677.402771,EUR,99677.402771,EUR,10000000.00,EUR,10000000.00,CPTY_A,CPTY_A
Swap_20_167,Swap,2035-10-29,19.729029,99677.402771,EUR,99677.402771,EUR,10000000.00,EUR,10000000.00,CPTY_A,CPTY_A
Swap_20_168,Swap,2035-10-29,19.729029,99677.402771,EUR,99677.402771,EUR,10000000.00,EUR,10000000.00,CPTY_A,CPTY_A
Swap_20_169,Swap,2035-10-29,19.729029,99677.402771,EUR,99677.402771,EUR,10000000.00,EUR,10000000.00,CPTY_A,CPTY_A
Swap_20_17,Swap,2035-10-29,19.729029,99677.402771,EUR,99677.402771,EUR,10000000.00,EUR,10000000.00,CPTY_A,CPTY_A
Swap_20_170,Swap,2035-10-29,19.729029,99677.402771,EUR,99677.402771,EUR,10000000.00,EUR,10000000.00,CPTY_A,CPTY_A
Swap_20_171,Swap,2035-10-29,19.729029,99677.402771,EUR,99677.402771,EUR,10000000.00,EUR,10000000.00,CPTY_A,CPTY_A
Swap_20_172,Swap,2035-10-29,19.729029,99677.402771,EUR,99677.402771,EUR,10000000.00,EUR,10000000.00,CPTY_A,CPTY_A
Swap_20_173,Swap,2035-10-29,19.729029,99677.402771,EUR,99677.402771,EUR,10000000.00,EUR,10000000.00,CPTY_A,CPTY_A
Swap_20_174,Swap,2035-10-29,19.729029,99677.402771,EUR,99677.402771,EUR,10000000.00,EUR,10000000.00,CPTY_A,CPTY_A
Swap_20_175,Swap,2035-10-29,19.729029,99677.402771,EUR,99677.402771,EUR,10000000.00,EUR,10000000.00,CPTY_A,CPTY_A
Swap_20_176,Swap,2035-10-29,19.729029,99677.402771,EUR,99677.402771,EUR,10000000.00,EUR,10000000.00,CPTY_A,CPTY_A
Swap_20_177,Swap,2035-10-29,19.729029,99677.402771,EUR,99677.402771,EUR,10000000.00,EUR,10000000.00,CPTY_A,CPTY_A
Swap_20_178,Swap,2035-10-29,19.729029,99677.402771,EUR,99677.402771,EUR,10000000.00,EUR,10000000.00,CPTY_A,CPTY_A
Swap_20_179,Swap,2035-10-29,19.729029,99677.402771,EUR,99677.402771,EUR,10000000.00,EUR,10000000.00,CPTY_A,CPTY_A
Swap_20_18,Swap,2035-10-29,19.729029,99677.402771,EUR,99677.402771,EUR,10000000.00,EUR,10000000.00,CPTY_A,CPTY_A
Swap_20_180,Swap,2035-10-29,19.729029,99677.402771,EUR,99677.402771,EUR,10000000.00,EUR,10000000.00,CPTY_A,CPTY_A
Swap_20_181,Swap,2035-10-29,19.729029,99677.402771,EUR,99677.402771,EUR,10000000.00,EUR,10000000.00,CPTY_A,CPTY_A
Swap_20_182,Swap,2035-10-29,19.729029,99677.402771,EUR,99677.402771,EUR,10000000.00,EUR,10000000.00,CPTY_A,CPTY_A
Swap_20_183,Swap,2035-10-29,19.729029,99677.402771,EUR,99677.402771,EUR,10000000.00,EUR,10000000.00,CPTY_A,CPTY_A
Swap_20_184,Swap,2035-10-29,19.729029,99677.402771,EUR,99677.402771,EUR,10000000.00,EUR,10000000.00,CPTY_A,CPTY_A
Swap_20_185,Swap,2035-10-29,19.729029,99677.402771,EUR,99677.402771,EUR,10000000.00,EUR,10000000.00,CPTY_A,CPTY_A
Swap_20_186,Swap,2035-10-29,19.729029,99677.402771,EUR,99677.402771,EUR,10000000.00,EUR,10000000.00,CPTY_A,CPTY_A
Swap_20_187,Swap,2035-10-29,19.729029,99677.402771,EUR,99677.402771,EUR,10000000.00,EUR,10000000.00,CPTY_A,CPTY_A
Swap_20_188,Swap,2035-10-29,19.729029,99677.402771,EUR,99677.402771,EUR,10000000.00,EUR,10000000.00,CPTY_A,CPTY_A
Swap_20_189,Swap,2035-10-29,19.729029,99677.402771,EUR,99677.402771,EUR,10000000.00,EUR,10000000.00,CPTY_A,CPTY_A
Swap_20_19,Swap,2035-10-29,19.729029,99677.402771,EUR,99677.402771,EUR,10000000.00,EUR,10000000.00,CPTY_A,CPTY_A
Swap_20_190,Swap,2035-10-29,19.729029,99677.402771,EUR,99677.402771,EUR,10000000.00,EUR,10000000.00,CPTY_A,CPTY_A
Swap_20_191,Swap,2035-10-29,19.729029,99677.402771,EUR,99677.402771,EUR,10000000.00,EUR,10000000.00,CPTY_A,CPTY_A
Swap_20_192,Swap,2035-10-29,19.729029,99677.402771,EUR,99677.402771,EUR,10000000.00,EUR,10000000.00,CPTY_A,CPTY_A
Swap_20_193,Swap,2035-10-29,19.729029,99677.402771,EUR,99677.402771,EUR,10000000.00,EUR,10000000.00,CPTY_A,CPTY_A
Swap_20_194,Swap,2035-10-29,19.729029,99677.402771,EUR,99677.402771,EUR,10000000.00,EUR,10000000.00,CPTY_A,CPTY_A
Swap_20_195,Swap,2035-10-29,19.729029,99677.402771,EUR,99677.402771,EUR,10000000.00,EUR,10000000.00,CPTY_A,CPTY_A
Swap_20_196,Swap,2035-10-29,19.729029,99677.402771,EUR,99677.402771,EUR,10000000.00,EUR,10000000.00,CPTY_A,CPTY_A
Swap_20_197,Swap,2035-10-29,19.729029,99677.402771,EUR,99677.402771,EUR,10000000.00,EUR,10000000.00,CPTY_A,CPTY_A
Swap_20_198,Swap,2035-10-29,19.729029,99677.402771,EUR,99677.402771,EUR,10000000.00,EUR,10000000.00,CPTY_A,CPTY_A
Swap_20_199,Swap,2035-10-29,19.729029,99677.402771,EUR,99677.402771,EUR,10000000.00,EUR,10000000.00,CPTY_A,CPTY_A
Swap_20_2,Swap,2035-10-29,19.729029,99677.402771,EUR,99677.402771,EUR,10000000.00,EUR,10000000.00,CPTY_A,CPTY_A
Swap_20_20,Swap,2035-10-29,19.729029,99677.402771,EUR,99677.402771,EUR,10000000.00,EUR,10000000.00,CPTY_A,CPTY_A
Swap_20_200,Swap,2035-10-29,19.729029,99677.402771,EUR,99677.402771,EUR,10000000.00,EUR,10000000.00,CPTY_A,CPTY_A
Swap_20_201,Swap,2035-10-29,19.729029,99677.402771,EUR,99677.402771,EUR,10000000.00,EUR,10000000.00,CPTY_A,CPTY_A
Swap_20_202,Swap,2035-10-29,19.729029,99677.402771,EUR,99677.402771,EUR,10000000.00,EUR,10000000.00,CPTY_A,CPTY_A
Swap_20_203,Swap,2035-10-29,19.729029,99677.402771,EUR,99677.402771,EUR,10000000.00,EUR,10000000.00,CPTY_A,CPTY_A
Swap_20_204,Swap,2035-10-29,19.729029,99677.402771,EUR,99677.402771,EUR,10000000.00,EUR,10000000.00,CPTY_A,CPTY_A
Swap_20_205,Swap,2035-10-29,19.729029,99677.402771,EUR,99677.402771,EUR,10000000.00,EUR,10000000.00,CPTY_A,CPTY_A
Swap_20_206,Swap,2035-10-29,19.729029,99677.402771,EUR,99677.402771,EUR,10000000.00,EUR,10000000.00,CPTY_A,CPTY_A
Swap_20_207,Swap,2035-10-29,19.729029,99677.402771,EUR,99677.402771,EUR,10000000.00,EUR,10000000.00,CPTY_A,CPTY_A
Swap_20_208,Swap,2035-10-29,19.729029,99677.402771,EUR,99677.402771,EUR,10000000.00,EUR,10000000.00,CPTY_A,CPTY_A
Swap_20_209,Swap,2035-10-29,19.729029,99677.402771,EUR,99677.402771,EUR,10000000.00,EUR,10000000.00,CPTY_A,CPTY_A
Swap_20_21,Swap,2035-10-29,19.729029,99677.402771,EUR,99677.402771,EUR,10000000.00,EUR,10000000.00,CPTY_A,CPTY_A
Swap_20_210,Swap,2035-10-29,19.729029,99677.402771,EUR,99677.402771,EUR,10000000.00,EUR,10000000.00,CPTY_A,CPTY_A
Swap_20_211,Swap,2035-10-29,19.729029,99677.402771,EUR,99677.402771,EUR,10000000.00,EUR,10000000.00,CPTY_A,CPTY_A
Swap_20_212,Swap,2035-10-29,19.729029,99677.402771,EUR,99677.402771,EUR,10000000.00,EUR,10000000.00,CPTY_A,CPTY_A
Swap_20_213,Swap,2035-10-29,19.729029,99677.402771,EUR,99677.402771,EUR,10000000.00,EUR,10000000.00,CPTY_A,CPTY_A
Swap_20_214,Swap,2035-10-29,19.729029,99677.402771,EUR,99677.402771,EUR,10000000.00,EUR,10000000.00,CPTY_A,CPTY_A
Swap_20_215,Swap,2035-10-29,19.729029,99677.402771,EUR,99677.402771,EUR,10000000.00,EUR,10000000.00,CPTY_A,CPTY_A
Swap_20_216,Swap,2035-10-29,19.729029,99677.402771,EUR,99677.402771,EUR,10000000.00,EUR,10000000.00,CPTY_A,CPTY_A
Swap_20_217,Swap,2035-10-29,19.729029,99677.402771,EUR,99677.402771,EUR,10000000.00,EUR,10000000.00,CPTY_A,CPTY_A
Swap_20_218,Swap,2035-10-29,19.729029,99677.402771,EUR,99677.402771,EUR,10000000.00,EUR,10000000.00,CPTY_A,CPTY_A
Swap_20_219,Swap,2035-10-29,19.729029,99677.402771,EUR,99677.402771,EUR,10000000.00,EUR,10000000.00,CPTY_A,CPTY_A
Swap_20_22,Swap,2035-10-29,19.729029,99677.402771,EUR,99677.402771,EUR,10000000.00,EUR,10000000.00,CPTY_A,CPTY_A
Swap_20_220,Swap,2035-10-29,19.729029,99677.402771,EUR,99677.402771,EUR,10000000.00,EUR,10000000.00,CPTY_A,CPTY_A
Swap_20_221,Swap,2035-10-29,19.729029,99677.402771,EUR,99677.402771,EUR,10000000.00,EUR,10000000.00,CPTY_A,CPTY_A
Swap_20_222,Swap,2035-10-29,19.729029,99677.402771,EUR,99677.402771,EUR,10000000.00,EUR,10000000.00,CPTY_A,CPTY_A
Swap_20_223,Swap,2035-10-29,19.729029,99677.402771,EUR,99677.402771,EUR,10000000.00,EUR,10000000.00,CPTY_A,CPTY_A
Swap_20_224,Swap,2035-10-29,19.729029,99677.402771,EUR,99677.402771,EUR,10000000.00,EUR,10000000.00,CPTY_A,CPTY_A
Swap_20_225,Swap,2035-10-29,19.729029,99677.402771,EUR,99677.402771,EUR,10000000.00,EUR,10000000.00,CPTY_A,CPTY_A
Swap_20_226,Swap,2035-10-29,19.729029,99677.402771,EUR,99677.402771,EUR,10000000.00,EUR,10000000.00,CPTY_A,CPTY_A
Swap_20_227,Swap,2035-10-29,19.729029,99677.402771,EUR,99677.402771,EUR,10000000.00,EUR,10000000.00,CPTY_A,CPTY_A
Swap_20_228,Swap,2035-10-29,19.729029,99677.402771,EUR,99677.402771,EUR,10000000.00,EUR,10000000.00,CPTY_A,CPTY_A
Swap_20_229,Swap,2035-10-29,19.729029,99677.402771,EUR,99677.402771,EUR,10000000.00,EUR,10000000.00,CPTY_A,CPTY_A
Swap_20_23,Swap,2035-10-29,19.729029,99677.402771,EUR,99677.402771,EUR,10000000.00,EUR,10000000.00,CPTY_A,CPTY_A
Swap_20_230,Swap,2035-10-29,19.729029,99677.402771,EUR,99677.402771,EUR,10000000.00,EUR,10000000.00,CPTY_A,CPTY_A
Swap_20_231,Swap,2035-10-29,19.729029,99677.402771,EUR,99677.402771,EUR,10000000.00,EUR,10000000.00,CPTY_A,CPTY_A
Swap_20_232,Swap,2035-10-29,19.729029,99677.402771,EUR,99677.402771,EUR,10000000.00,EUR,10000000.00,CPTY_A,CPTY_A
Swap_20_233,Swap,2035-10-29,19.729029,99677.402771,EUR,99677.402771,EUR,10000000.00,EUR,10000000.00,CPTY_A,CPTY_A
Swap_20_234,Swap,2035-10-29,19.729029,99677.402771,EUR,99677.402771,EUR,10000000.00,EUR,10000000.00,CPTY_A,CPTY_A
Swap_20_235,Swap,2035-10-29,19.729029,99677.402771,EUR,99677.402771,EUR,10000000.00,EUR,10000000.00,CPTY_A,CPTY_A
Swap_20_236,Swap,2035-10-29,19.729029,99677.402771,EUR,99677.402771,EUR,10000000.00,EUR,10000000.00,CPTY_A,CPTY_A
Swap_20_237,Swap,2035-10-29,19.729029,99677.402771,EUR,99677.402771,EUR,10000000.00,EUR,10000000.00,CPTY_A,CPTY_A
Swap_20_238,Swap,2035-10-29,19.729029,99677.402771,EUR,99677.402771,EUR,10000000.00,EUR,10000000.00,CPTY_A,CPTY_A
Swap_20_239,Swap,2035-10-29,19.729029,99677.402771,EUR,99677.402771,EUR,10000000.00,EUR,10000000.00,CPTY_A,CPTY_A
Swap_20_24,Swap,2035-10-29,19.729029,99677.402771,EUR,99677.402771,EUR,10000000.00,EUR,10000000.00,CPTY_A,CPTY_A
Swap_20_240,Swap,2035-10-29,19.729029,99677.402771,EUR,99677.402771,EUR,10000000.00,EUR,10000000.00,CPTY_A,CPTY_A
Swap_20_241,Swap,2035-10-29,19.729029,99677.402771,EUR,99677.402771,EUR,10000000.00,EUR,10000000.00,CPTY_A,CPTY_A
Swap_20_242,Swap,2035-10-29,19.729029,99677.402771,EUR,99677.402771,EUR,10000000.00,EUR,10000000.00,CPTY_A,CPTY_A
Swap_20_243,Swap,2035-10-29,19.729029,99677.402771,EUR,99677.402771,EUR,10000000.00,EUR,10000000.00,CPTY_A,CPTY_A
Swap_20_244,Swap,2035-10-29,19.729029,99677.402771,EUR,99677.402771,EUR,10000000.00,EUR,10000000.00,CPTY_A,CPTY_A
Swap_20_245,Swap,2035-10-29,19.729029,99677.402771,EUR,99677.402771,EUR,10000000.00,EUR,10000000.00,CPTY_A,CPTY_A
Swap_20_246,Swap,2035-10-29,19.729029,99677.402771,EUR,99677.402771,EUR,10000000.00,EUR,10000000.00,CPTY_A,CPTY_A
Swap_20_247,Swap,2035-10-29,19.729029,99677.402771,EUR,99677.402771,EUR,10000000.00,EUR,10000000.00,CPTY_A,CPTY_A
Swap_20_248,Swap,2035-10-29,19.729029,99677.402771,EUR,99677.402771,EUR,10000000.00,EUR,10000000.00,CPTY_A,CPTY_A
Swap_20_249,Swap,2035-10-29,19.729029,99677.402771,EUR,99677.402771,EUR,10000000.00,EUR,10000000.00,CPTY_A,CPTY_A
Swap_20_25,Swap,2035-10-29,19.729029,99677.402771,EUR,99677.402771,EUR,10000000.00,EUR,10000000.00,CPTY_A,CPTY_A
Swap_20_250,Swap,2035-10-29,19.729029,99677.402771,EUR,99677.402771,EUR,10000000.00,EUR,10000000.00,CPTY_A,CPTY_A
Swap_20_251,Swap,2035-10-29,19.729029,99677.402771,EUR,99677.402771,EUR,10000000.00,EUR,10000000.00,CPTY_A,CPTY_A
Swap_20_252,Swap,2035-10-29,19.729029,99677.402771,EUR,99677.402771,EUR,10000000.00,EUR,10000000.00,CPTY_A,CPTY_A
Swap_20_253,Swap,2035-10-29,19.729029,99677.402771,EUR,99677.402771,EUR,10000000.00,EUR,10000000.00,CPTY_A,CPTY_A
Swap_20_254,Swap,2035-10-29,19.729029,99677.402771,EUR,99677.402771,EUR,10000000.00,EUR,10000000.00,CPTY_A,CPTY_A
Swap_20_255,Swap,2035-10-29,19.729029,99677.402771,EUR,99677.402771,EUR,10000000.00,EUR,10000000.00,CPTY_A,CPTY_A
Swap_20_256,Swap,2035-10-29,19.729029,99677.402771,EUR,99677.402771,EUR,10000000.00,EUR,10000000.00,CPTY_A,CPTY_A
Swap_20_257,Swap,2035-10-29,19.729029,99677.402771,EUR,99677.402771,EUR,10000000.00,EUR,10000000.00,CPTY_A,CPTY_A
Swap_20_258,Swap,2035-10-29,19.729029,99677.402771,EUR,99677.402771,EUR,10000000.00,EUR,10000000.00,CPTY_A,CPTY_A
Swap_20_259,Swap,2035-10-29,19.729029,99677.402771,EUR,99677.402771,EUR,10000000.00,EUR,10000000.00,CPTY_A,CPTY_A
Swap_20_26,Swap,2035-10-29,19.729029,99677.402771,EUR,99677.402771,EUR,10000000.00,EUR,10000000.00,CPTY_A,CPTY_A
Swap_20_260,Swap,2035-10-29,19.729029,99677.402771,EUR,99677.402771,EUR,10000000.00,EUR,10000000.00,CPTY_A,CPTY_A
Swap_20_261,Swap,2035-10-29,19.729029,99677.402771,EUR,99677.402771,EUR,10000000.00,EUR,10000000.00,CPTY_A,CPTY_A
Swap_20_262,Swap,2035-10-29,19.729029,99677.402771,EUR,99677.402771,EUR,10000000.00,EUR,10000000.00,CPTY_A,CPTY_A
Swap_20_263,Swap,2035-10-29,19.729029,99677.402771,EUR,99677.402771,EUR,10000000.00,EUR,10000000.00,CPTY_A,CPTY_A
Swap_20_264,Swap,2035-10-29,19.729029,99677.402771,EUR,99677.402771,EUR,10000000.00,EUR,10000000.00,CPTY_A,CPTY_A
Swap_20_265,Swap,2035-10-29,19.729029,99677.402771,EUR,99677.402771,EUR,10000000.00,EUR,10000000.00,CPTY_A,CPTY_A
Swap_20_266,Swap,2035-10-29,19.729029,99677.402771,EUR,99677.402771,EUR,10000000.00,EUR,10000000.00,CPTY_A,CPTY_A
Swap_20_267,Swap,2035-10-29,19.729029,99677.402771,EUR,99677.402771,EUR,10000000.00,EUR,10000000.00,CPTY_A,CPTY_A
Swap_20_268,Swap,2035-10-29,19.729029,99677.402771,EUR,99677.402771,EUR,10000000.00,EUR,10000000.00,CPTY_A,CPTY_A
Swap_20_269,Swap,2035-10-29,19.729029,99677.402771,EUR,99677.402771,EUR,10000000.00,EUR,10000000.00,CPTY_A,CPTY_A
Swap_20_27,Swap,2035-10-29,19.729029,99677.402771,EUR,99677.402771,EUR,10000000.00,EUR,10000000.00,CPTY_A,CPTY_A
Swap_20_270,Swap,2035-10-29,19.729029,99677.402771,EUR,99677.402771,EUR,10000000.00,EUR,10000000.00,CPTY_A,CPTY_A
Swap_20_271,Swap,2035-10-29,19.729029,99677.402771,EUR,99677.402771,EUR,10000000.00,EUR,10000000.00,CPTY_A,CPTY_A
Swap_20_272,Swap,2035-10-29,19.729029,99677.402771,EUR,99677.402771,EUR,10000000.00,EUR,10000000.00,CPTY_A,CPTY_A
Swap_20_273,Swap,2035-10-29,19.729029,99677.402771,EUR,99677.402771,EUR,10000000.00,EUR,10000000.00,CPTY_A,CPTY_A
Swap_20_274,Swap,2035-10-29,19.729029,99677.402771,EUR,99677.402771,EUR,10000000.00,EUR,10000000.00,CPTY_A,CPTY_A
Swap_20_275,Swap,2035-10-29,19.729029,99677.402771,EUR,99677.402771,EUR,10000000.00,EUR,10000000.00,CPTY_A,CPTY_A
Swap_20_276,Swap,2035-10-29,19.729029,99677.402771,EUR,99677.402771,EUR,10000000.00,EUR,10000000.00,CPTY_A,CPTY_A
Swap_20_277,Swap,2035-10-29,19.729029,99677.402771,EUR,99677.402771,EUR,10000000.00,EUR,10000000.00,CPTY_A,CPTY_A
Swap_20_278,Swap,2035-10-29,19.729029,99677.402771,EUR,99677.402771,EUR,10000000.00,EUR,10000000.00,CPTY_A,CPTY_A
Swap_20_279,Swap,2035-10-29,19.729029,99677.402771,EUR,99677.402771,EUR,10000000.00,EUR,10000000.00,CPTY_A,CPTY_A
Swap_20_28,Swap,2035-10-29,19.729029,99677.402771,EUR,99677.402771,EUR,10000000.00,EUR,10000000.00,CPTY_A,CPTY_A
Swap_20_280,Swap,2035-10-29,19.729029,99677.402771,EUR,99677.402771,EUR,10000000.00,EUR,10000000.00,CPTY_A,CPTY_A
Swap_20_281,Swap,2035-10-29,19.729029,99677.402771,EUR,99677.402771,EUR,10000000.00,EUR,10000000.00,CPTY_A,CPTY_A
Swap_20_282,Swap,2035-10-29,19.729029,99677.402771,EUR,99677.402771,EUR,10000000.00,EUR,10000000.00,CPTY_A,CPTY_A
Swap_20_283,Swap,2035-10-29,19.729029,99677.402771,EUR,99677.402771,EUR,10000000.00,EUR,10000000.00,CPTY_A,CPTY_A
Swap_20_284,Swap,2035-10-29,19.729029,99677.402771,EUR,99677.402771,EUR,10000000.00,EUR,10000000.00,CPTY_A,CPTY_A
Swap_20_285,Swap,2035-10-29,19.729029,99677.402771,EUR,99677.402771,EUR,10000000.00,EUR,10000000.00,CPTY_A,CPTY_A
Swap_20_286,Swap,2035-10-29,19.729029,99677.402771,EUR,99677.402771,EUR,10000000.00,EUR,10000000.00,CPTY_A,CPTY_A
Swap_20_287,Swap,2035-10-29,19.729029,99677.402771,EUR,99677.402771,EUR,10000000.00,EUR,10000000.00,CPTY_A,CPTY_A
Swap_20_288,Swap,2035-10-29,19.729029,99677.402771,EUR,99677.402771,EUR,10000000.00,EUR,10000000.00,CPTY_A,CPTY_A
Swap_20_289,Swap,2035-10-29,19.729029,99677.402771,EUR,99677.402771,EUR,10000000.00,EUR,10000000.00,CPTY_A,CPTY_A
Swap_20_29,Swap,2035-10-29,19.729029,99677.402771,EUR,99677.402771,EUR,10000000.00,EUR,10000000.00,CPTY_A,CPTY_A
Swap_20_290,Swap,2035-10-29,19.729029,99677.402771,EUR,99677.402771,EUR,10000000.00,EUR,10000000.00,CPTY_A,CPTY_A
Swap_20_291,Swap,2035-10-29,19.729029,99677.402771,EUR,99677.402771,EUR,10000000.00,EUR,10000000.00,CPTY_A,CPTY_A
Swap_20_292,Swap,2035-10-29,19.729029,99677.402771,EUR,99677.402771,EUR,10000000.00,EUR,10000000.00,CPTY_A,CPTY_A
Swap_20_293,Swap,2035-10-29,19.729029,99677.402771,EUR,99677.402771,EUR,10000000.00,EUR,10000000.00,CPTY_A,CPTY_A
Swap_20_294,Swap,2035-10-29,19.729029,99677.402771,EUR,99677.402771,EUR,10000000.00,EUR,10000000.00,CPTY_A,CPTY_A
Swap_20_295,Swap,2035-10-29,19.729029,99677.402771,EUR,99677.402771,EUR,10000000.00,EUR,10000000.00,CPTY_A,CPTY_A
Swap_20_296,Swap,2035-10-29,19.729029,99677.402771,EUR,99677.402771,EUR,10000000.00,EUR,10000000.00,CPTY_A,CPTY_A
Swap_20_297,Swap,2035-10-29,19.729029,99677.402771,EUR,99677.402771,EUR,10000000.00,EUR,10000000.00,CPTY_A,CPTY_A
Swap_20_298,Swap,2035-10-29,19.729029,99677.402771,EUR,99677.402771,EUR,10000000.00,EUR,10000000.00,CPTY_A,CPTY_A
Swap_20_299,Swap,2035-10-29,19.729029,99677.402771,EUR,99677.402771,EUR,10000000.00,EUR,10000000.00,CPTY_A,CPTY_A
Swap_20_3,Swap,2035-10-29,19.729029,99677.402771,EUR,99677.402771,EUR,10000000.00,EUR,10000000.00,CPTY_A,CPTY_A
Swap_20_30,Swap,2035-10-29,19.729029,99677.402771,EUR,99677.402771,EUR,10000000.00,EUR,10000000.00,CPTY_A,CPTY_A
Swap_20_300,Swap,2035-10-29,19.729029,99677.402771,EUR,99677.402771,EUR,10000000.00,EUR,10000000.00,CPTY_A,CPTY_A
Swap_20_301,Swap,2035-10-29,19.729029,99677.402771,EUR,99677.402771,EUR,10000000.00,EUR,10000000.00,CPTY_A,CPTY_A
Swap_20_302,Swap,2035-10-29,19.729029,99677.402771,EUR,99677.402771,EUR,10000000.00,EUR,10000000.00,CPTY_A,CPTY_A
Swap_20_303,Swap,2035-10-29,19.729029,99677.402771,EUR,99677.402771,EUR,10000000.00,EUR,10000000.00,CPTY_A,CPTY_A
Swap_20_304,Swap,2035-10-29,19.729029,99677.402771,EUR,99677.402771,EUR,10000000.00,EUR,10000000.00,CPTY_A,CPTY_A
Swap_20_305,Swap,2035-10-29,19.729029,99677.402771,EUR,99677.402771,EUR,10000000.00,EUR,10000000.00,CPTY_A,CPTY_A
Swap_20_306,Swap,2035-10-29,19.729029,99677.402771,EUR,99677.402771,EUR,10000000.00,EUR,10000000.00,CPTY_A,CPTY_A
Swap_20_307,Swap,2035-10-29,19.729029,99677.402771,EUR,99677.402771,EUR,10000000.00,EUR,10000000.00,CPTY_A,CPTY_A
Swap_20_308,Swap,2035-10-29,19.729029,99677.402771,EUR,99677.402771,EUR,10000000.00,EUR,10000000.00,CPTY_A,CPTY_A
Swap_20_309,Swap,2035-10-29,19.729029,99677.402771,EUR,99677.402771,EUR,10000000.00,EUR,10000000.00,CPTY_A,CPTY_A
Swap_20_31,Swap,2035-10-29,19.729029,99677.402771,EUR,99677.402771,EUR,10000000.00,EUR,10000000.00,CPTY_A,CPTY_A
Swap_20_310,Swap,2035-10-29,19.729029,99677.402771,EUR,99677.402771,EUR,10000000.00,EUR,10000000.00,CPTY_A,CPTY_A
Swap_20_311,Swap,2035-10-29,19.729029,99677.402771,EUR,99677.402771,EUR,10000000.00,EUR,10000000.00,CPTY_A,CPTY_A
Swap_20_312,Swap,2035-10-29,19.729029,99677.402771,EUR,99677.402771,EUR,10000000.00,EUR,10000000.00,CPTY_A,CPTY_A
Swap_20_313,Swap,2035-10-29,19.729029,99677.402771,EUR,99677.402771,EUR,10000000.00,EUR,10000000.00,CPTY_A,CPTY_A
Swap_20_314,Swap,2035-10-29,19.729029,99677.402771,EUR,99677.402771,EUR,10000000.00,EUR,10000000.00,CPTY_A,CPTY_A
Swap_20_315,Swap,2035-10-29,19.729029,99677.402771,EUR,99677.402771,EUR,10000000.00,EUR,10000000.00,CPTY_A,CPTY_A
Swap_20_316,Swap,2035-10-29,19.729029,99677.402771,EUR,99677.402771,EUR,10000000.00,EUR,10000000.00,CPTY_A,CPTY_A
Swap_20_317,Swap,2035-10-29,19.729029,99677.402771,EUR,99677.402771,EUR,10000000.00,EUR,10000000.00,CPTY_A,CPTY_A
Swap_20_318,Swap,2035-10-29,19.729029,99677.402771,EUR,99677.402771,EUR,10000000.00,EUR,10000000.00,CPTY_A,CPTY_A
Swap_20_319,Swap,2035-10-29,19.729029,99677.402771,EUR,99677.402771,EUR,10000000.00,EUR,10000000.00,CPTY_A,CPTY_A
Swap_20_32,Swap,2035-10-29,19.729029,99677.402771,EUR,99677.402771,EUR,10000000.00,EUR,10000000.00,CPTY_A,CPTY_A
Swap_20_320,Swap,2035-10-29,19.729029,99677.402771,EUR,99677.402771,EUR,10000000.00,EUR,10000000.00,CPTY_A,CPTY_A
Swap_20_321,Swap,2035-10-29,19.729029,99677.402771,EUR,99677.402771,EUR,10000000.00,EUR,10000000.00,CPTY_A,CPTY_A
Swap_20_322,Swap,2035-10-29,19.729029,99677.402771,EUR,99677.402771,EUR,10000000.00,EUR,10000000.00,CPTY_A,CPTY_A
Swap_20_323,Swap,2035-10-29,19.729029,99677.402771,EUR,99677.402771,EUR,10000000.00,EUR,10000000.00,CPTY_A,CPTY_A
Swap_20_324,Swap,2035-10-29,19.729029,99677.402771,EUR,99677.402771,EUR,10000000.00,EUR,10000000.00,CPTY_A,CPTY_A
Swap_20_325,Swap,2035-10-29,19.729029,99677.402771,EUR,99677.402771,EUR,10000000.00,EUR,10000000.00,CPTY_A,CPTY_A
Swap_20_326,Swap,2035-10-29,19.729029,99677.402771,EUR,99677.402771,EUR,10000000.00,EUR,10000000.00,CPTY_A,CPTY_A
Swap_20_327,Swap,2035-10-29,19.729029,99677.402771,EUR,99677.402771,EUR,10000000.00,EUR,10000000.00,CPTY_A,CPTY_A
Swap_20_328,Swap,2035-10-29,19.729029,99677.402771,EUR,99677.402771,EUR,10000000.00,EUR,10000000.00,CPTY_A,CPTY_A
Swap_20_329,Swap,2035-10-29,19.729029,99677.402771,EUR,99677.402771,EUR,10000000.00,EUR,10000000.00,CPTY_A,CPTY_A
Swap_20_33,Swap,2035-10-29,19.729029,99677.402771,EUR,99677.402771,EUR,10000000.00,EUR,10000000.00,CPTY_A,CPTY_A
Swap_20_330,Swap,2035-10-29,19.729029,99677.402771,EUR,99677.402771,EUR,10000000.00,EUR,10000000.00,CPTY_A,CPTY_A
Swap_20_331,Swap,2035-10-29,19.729029,99677.402771,EUR,99677.402771,EUR,10000000.00,EUR,10000000.00,CPTY_A,CPTY_A
Swap_20_332,Swap,2035-10-29,19.729029,99677.402771,EUR,99677.402771,EUR,10000000.00,EUR,10000000.00,CPTY_A,CPTY_A
Swap_20_333,Swap,2035-10-29,19.729029,99677.402771,EUR,99677.402771,EUR,10000000.00,EUR,10000000.00,CPTY_A,CPTY_A
Swap_20_334,Swap,2035-10-29,19.729029,99677.402771,EUR,99677.402771,EUR,10000000.00,EUR,10000000.00,CPTY_A,CPTY_A
Swap_20_335,Swap,2035-10-29,19.729029,99677.402771,EUR,99677.402771,EUR,10000000.00,EUR,10000000.00,CPTY_A,CPTY_A
Swap_20_336,Swap,2035-10-29,19.729029,99677.402771,EUR,99677.402771,EUR,10000000.00,EUR,10000000.00,CPTY_A,CPTY_A
Swap_20_337,Swap,2035-10-29,19.729029,99677.402771,EUR,99677.402771,EUR,10000000.00,EUR,10000000.00,CPTY_A,CPTY_A
Swap_20_338,Swap,2035-10-29,19.729029,99677.402771,EUR,99677.402771,EUR,10000000.00,EUR,10000000.00,CPTY_A,CPTY_A
Swap_20_339,Swap,2035-10-29,19.729029,99677.402771,EUR,99677.402771,EUR,10000000.00,EUR,10000000.00,CPTY_A,CPTY_A
Swap_20_34,Swap,2035-10-29,19.729029,99677.402771,EUR,99677.402771,EUR,10000000.00,EUR,10000000.00,CPTY_A,CPTY_A
Swap_20_340,Swap,2035-10-29,19.729029,99677.402771,EUR,99677.402771,EUR,10000000.00,EUR,10000000.00,CPTY_A,CPTY_A
Swap_20_341,Swap,2035-10-29,19.729029,99677.402771,EUR,99677.402771,EUR,10000000.00,EUR,10000000.00,CPTY_A,CPTY_A
Swap_20_342,Swap,2035-10-29,19.729029,99677.402771,EUR,99677.402771,EUR,10000000.00,EUR,10000000.00,CPTY_A,CPTY_A
Swap_20_343,Swap,2035-10-29,19.729029,99677.402771,EUR,99677.402771,EUR,10000000.00,EUR,10000000.00,CPTY_A,CPTY_A
Swap_20_344,Swap,2035-10-29,19.729029,99677.402771,EUR,99677.402771,EUR,10000000.00,EUR,10000000.00,CPTY_A,CPTY_A
Swap_20_345,Swap,2035-10-29,19.729029,99677.402771,EUR,99677.402771,EUR,10000000.00,EUR,10000000.00,CPTY_A,CPTY_A
Swap_20_346,Swap,2035-10-29,19.729029,99677.402771,EUR,99677.402771,EUR,10000000.00,EUR,10000000.00,CPTY_A,CPTY_A
Swap_20_347,Swap,2035-10-29,19.729029,99677.402771,EUR,99677.402771,EUR,10000000.00,EUR,10000000.00,CPTY_A,CPTY_A
Swap_20_348,Swap,2035-10-29,19.729029,99677.402771,EUR,99677.402771,EUR,10000000.00,EUR,10000000.00,CPTY_A,CPTY_A
Swap_20_349,Swap,2035-10-29,19.729029,99677.402771,EUR,99677.402771,EUR,10000000.00,EUR,10000000.00,CPTY_A,CPTY_A
Swap_20_35,Swap,2035-10-29,19.729029,99677.402771,EUR,99677.402771,EUR,10000000.00,EUR,10000000.00,CPTY_A,CPTY_A
Swap_20_350,Swap,2035-10-29,19.729029,99677.402771,EUR,99677.402771,EUR,10000000.00,EUR,10000000.00,CPTY_A,CPTY_A
Swap_20_351,Swap,2035-10-29,19.729029,99677.402771,EUR,99677.402771,EUR,10000000.00,EUR,10000000.00,CPTY_A,CPTY_A
Swap_20_352,Swap,2035-10-29,19.729029,99677.402771,EUR,99677.402771,EUR,10000000.00,EUR,10000000.00,CPTY_A,CPTY_A
Swap_20_353,Swap,2035-10-29,19.729029,99677.402771,EUR,99677.402771,EUR,10000000.00,EUR,10000000.00,CPTY_A,CPTY_A
Swap_20_354,Swap,2035-10-29,19.729029,99677.402771,EUR,99677.402771,EUR,10000000.00,EUR,10000000.00,CPTY_A,CPTY_A
Swap_20_355,Swap,2035-10-29,19.729029,99677.402771,EUR,99677.402771,EUR,10000000.00,EUR,10000000.00,CPTY_A,CPTY_A
Swap_20_356,Swap,2035-10-29,19.729029,99677.402771,EUR,99677.402771,EUR,10000000.00,EUR,10000000.00,CPTY_A,CPTY_A
Swap_20_357,Swap,2035-10-29,19.729029,99677.402771,EUR,99677.402771,EUR,10000000.00,EUR,10000000.00,CPTY_A,CPTY_A
Swap_20_358,Swap,2035-10-29,19.729029,99677.402771,EUR,99677.402771,EUR,10000000.00,EUR,10000000.00,CPTY_A,CPTY_A
Swap_20_359,Swap,2035-10-29,19.729029,99677.402771,EUR,99677.402771,EUR,10000000.00,EUR,10000000.00,CPTY_A,CPTY_A
Swap_20_36,Swap,2035-10-29,19.729029,99677.402771,EUR,99677.402771,EUR,10000000.00,EUR,10000000.00,CPTY_A,CPTY_A
Swap_20_360,Swap,2035-10-29,19.729029,99677.402771,EUR,99677.402771,EUR,10000000.00,EUR,10000000.00,CPTY_A,CPTY_A
Swap_20_361,Swap,2035-10-29,19.729029,99677.402771,EUR,99677.402771,EUR,10000000.00,EUR,10000000.00,CPTY_A,CPTY_A
Swap_20_362,Swap,2035-10-29,19.729029,99677.402771,EUR,99677.402771,EUR,10000000.00,EUR,10000000.00,CPTY_A,CPTY_A
Swap_20_363,Swap,2035-10-29,19.729029,99677.402771,EUR,99677.402771,EUR,10000000.00,EUR,10000000.00,CPTY_A,CPTY_A
Swap_20_364,Swap,2035-10-29,19.729029,99677.402771,EUR,99677.402771,EUR,10000000.00,EUR,10000000.00,CPTY_A,CPTY_A
Swap_20_365,Swap,2035-10-29,19.729029,99677.402771,EUR,99677.402771,EUR,10000000.00,EUR,10000000.00,CPTY_A,CPTY_A
Swap_20_366,Swap,2035-10-29,19.729029,99677.402771,EUR,99677.402771,EUR,10000000.00,EUR,10000000.00,CPTY_A,CPTY_A
Swap_20_367,Swap,2035-10-29,19.729029,99677.402771,EUR,99677.402771,EUR,10000000.00,EUR,10000000.00,CPTY_A,CPTY_A
Swap_20_368,Swap,2035-10-29,19.729029,99677.402771,EUR,99677.402771,EUR,10000000.00,EUR,10000000.00,CPTY_A,CPTY_A
Swap_20_369,Swap,2035-10-29,19.729029,99677.402771,EUR,99677.402771,EUR,10000000.00,EUR,10000000.00,CPTY_A,CPTY_A
Swap_20_37,Swap,2035-10-29,19.729029,99677.402771,EUR,99677.402771,EUR,10000000.00,EUR,10000000.00,CPTY_A,CPTY_A
Swap_20_370,Swap,2035-10-29,19.729029,99677.402771,EUR,99677.402771,EUR,10000000.00,EUR,10000000.00,CPTY_A,CPTY_A
Swap_20_371,Swap,2035-10-29,19.729029,99677.402771,EUR,99677.402771,EUR,10000000.00,EUR,10000000.00,CPTY_A,CPTY_A
Swap_20_372,Swap,2035-10-29,19.729029,99677.402771,EUR,99677.402771,EUR,10000000.00,EUR,10000000.00,CPTY_A,CPTY_A
Swap_20_373,Swap,2035-10-29,19.729029,99677.402771,EUR,99677.402771,EUR,10000000.00,EUR,10000000.00,CPTY_A,CPTY_A
Swap_20_374,Swap,2035-10-29,19.729029,99677.402771,EUR,99677.402771,EUR,10000000.00,EUR,10000000.00,CPTY_A,CPTY_A
Swap_20_375,Swap,2035-10-29,19.729029,99677.402771,EUR,99677.402771,EUR,10000000.00,EUR,10000000.00,CPTY_A,CPTY_A
Swap_20_376,Swap,2035-10-29,19.729029,99677.402771,EUR,99677.402771,EUR,10000000.00,EUR,10000000.00,CPTY_A,CPTY_A
Swap_20_377,Swap,2035-10-29,19.729029,99677.402771,EUR,99677.402771,EUR,10000000.00,EUR,10000000.00,CPTY_A,CPTY_A
Swap_20_378,Swap,2035-10-29,19.729029,99677.402771,EUR,99677.402771,EUR,10000000.00,EUR,10000000.00,CPTY_A,CPTY_A
Swap_20_379,Swap,2035-10-29,19.729029,99677.402771,EUR,99677.402771,EUR,10000000.00,EUR,10000000.00,CPTY_A,CPTY_A
Swap_20_38,Swap,2035-10-29,19.729029,99677.402771,EUR,99677.402771,EUR,10000000.00,EUR,10000000.00,CPTY_A,CPTY_A
Swap_20_380,Swap,2035-10-29,19.729029,99677.402771,EUR,99677.402771,EUR,10000000.00,EUR,10000000.00,CPTY_A,CPTY_A
Swap_20_381,Swap,2035-10-29,19.729029,99677.402771,EUR,99677.402771,EUR,10000000.00,EUR,10000000.00,CPTY_A,CPTY_A
Swap_20_382,Swap,2035-10-29,19.729029,99677.402771,EUR,99677.402771,EUR,10000000.00,EUR,10000000.00,CPTY_A,CPTY_A
Swap_20_383,Swap,2035-10-29,19.729029,99677.402771,EUR,99677.402771,EUR,10000000.00,EUR,10000000.00,CPTY_A,CPTY_A
Swap_20_384,Swap,2035-10-29,19.729029,99677.402771,EUR,99677.402771,EUR,10000000.00,EUR,10000000.00,CPTY_A,CPTY_A
Swap_20_385,Swap,2035-10-29,19.729029,99677.402771,EUR,99677.402771,EUR,10000000.00,EUR,10000000.00,CPTY_A,CPTY_A
Swap_20_386,Swap,2035-10-29,19.729029,99677.402771,EUR,99677.402771,EUR,10000000.00,EUR,10000000.00,CPTY_A,CPTY_A
Swap_20_387,Swap,2035-10-29,19.729029,99677.402771,EUR,99677.402771,EUR,10000000.00,EUR,10000000.00,CPTY_A,CPTY_A
Swap_20_388,Swap,2035-10-29,19.729029,99677.402771,EUR,99677.402771,EUR,10000000.00,EUR,10000000.00,CPTY_A,CPTY_A
Swap_20_389,Swap,2035-10-29,19.729029,99677.402771,EUR,99677.402771,EUR,10000000.00,EUR,10000000.00,CPTY_A,CPTY_A
Swap_20_39,Swap,2035-10-29,19.729029,99677.402771,EUR,99677.402771,EUR,10000000.00,EUR,10000000.00,CPTY_A,CPTY_A
Swap_20_390,Swap,2035-10-29,19.729029,99677.402771,EUR,99677.402771,EUR,10000000.00,EUR,10000000.00,CPTY_A,CPTY_A
Swap_20_391,Swap,2035-10-29,19.729029,99677.402771,EUR,99677.402771,EUR,10000000.00,EUR,10000000.00,CPTY_A,CPTY_A
Swap_20_392,Swap,2035-10-29,19.729029,99677.402771,EUR,99677.402771,EUR,10000000.00,EUR,10000000.00,CPTY_A,CPTY_A
Swap_20_393,Swap,2035-10-29,19.729029,99677.402771,EUR,99677.402771,EUR,10000000.00,EUR,10000000.00,CPTY_A,CPTY_A
Swap_20_394,Swap,2035-10-29,19.729029,99677.402771,EUR,99677.402771,EUR,10000000.00,EUR,10000000.00,CPTY_A,CPTY_A
Swap_20_395,Swap,2035-10-29,19.729029,99677.402771,EUR,99677.402771,EUR,10000000.00,EUR,10000000.00,CPTY_A,CPTY_A
Swap_20_396,Swap,2035-10-29,19.729029,99677.402771,EUR,99677.402771,EUR,10000000.00,EUR,10000000.00,CPTY_A,CPTY_A
Swap_20_397,Swap,2035-10-29,19.729029,99677.402771,EUR,99677.402771,EUR,10000000.00,EUR,10000000.00,CPTY_A,CPTY_A
Swap_20_398,Swap,2035-10-29,19.729029,99677.402771,EUR,99677.402771,EUR,10000000.00,EUR,10000000.00,CPTY_A,CPTY_A
Swap_20_399,Swap,2035-10-29,19.729029,99677.402771,EUR,99677.402771,EUR,10000000.00,EUR,10000000.00,CPTY_A,CPTY_A
Swap_20_4,Swap,2035-10-29,19.729029,99677.402771,EUR,99677.402771,EUR,10000000.00,EUR,10000000.00,CPTY_A,CPTY_A
Swap_20_40,Swap,2035-10-29,19.729029,99677.402771,EUR,99677.402771,EUR,10000000.00,EUR,10000000.00,CPTY_A,CPTY_A
Swap_20_400,Swap,2035-10-29,19.729029,99677.402771,EUR,99677.402771,EUR,10000000.00,EUR,10000000.00,CPTY_A,CPTY_A
Swap_20_401,Swap,2035-10-29,19.729029,99677.402771,EUR,99677.402771,EUR,10000000.00,EUR,10000000.00,CPTY_A,CPTY_A
Swap_20_402,Swap,2035-10-29,19.729029,99677.402771,EUR,99677.402771,EUR,10000000.00,EUR,10000000.00,CPTY_A,CPTY_A
Swap_20_403,Swap,2035-10-29,19.729029,99677.402771,EUR,99677.402771,EUR,10000000.00,EUR,10000000.00,CPTY_A,CPTY_A
Swap_20_404,Swap,2035-10-29,19.729029,99677.402771,EUR,99677.402771,EUR,10000000.00,EUR,10000000.00,CPTY_A,CPTY_A
Swap_20_405,Swap,2035-10-29,19.729029,99677.402771,EUR,99677.402771,EUR,10000000.00,EUR,10000000.00,CPTY_A,CPTY_A
Swap_20_406,Swap,2035-10-29,19.729029,99677.402771,EUR,99677.402771,EUR,10000000.00,EUR,10000000.00,CPTY_A,CPTY_A
Swap_20_407,Swap,2035-10-29,19.729029,99677.402771,EUR,99677.402771,EUR,10000000.00,EUR,10000000.00,CPTY_A,CPTY_A
Swap_20_408,Swap,2035-10-29,19.729029,99677.402771,EUR,99677.402771,EUR,10000000.00,EUR,10000000.00,CPTY_A,CPTY_A
Swap_20_409,Swap,2035-10-29,19.729029,99677.402771,EUR,99677.402771,EUR,10000000.00,EUR,10000000.00,CPTY_A,CPTY_A
Swap_20_41,Swap,2035-10-29,19.729029,99677.402771,EUR,99677.402771,EUR,10000000.00,EUR,10000000.00,CPTY_A,CPTY_A
Swap_20_410,Swap,2035-10-29,19.729029,99677.402771,EUR,99677.402771,EUR,10000000.00,EUR,10000000.00,CPTY_A,CPTY_A
Swap_20_411,Swap,2035-10-29,19.729029,99677.402771,EUR,99677.402771,EUR,10000000.00,EUR,10000000.00,CPTY_A,CPTY_A
Swap_20_412,Swap,2035-10-29,19.729029,99677.402771,EUR,99677.402771,EUR,10000000.00,EUR,10000000.00,CPTY_A,CPTY_A
Swap_20_413,Swap,2035-10-29,19.729029,99677.402771,EUR,99677.402771,EUR,10000000.00,EUR,10000000.00,CPTY_A,CPTY_A
Swap_20_414,Swap,2035-10-29,19.729029,99677.402771,EUR,99677.402771,EUR,10000000.00,EUR,10000000.00,CPTY_A,CPTY_A
Swap_20_415,Swap,2035-10-29,19.729029,99677.402771,EUR,99677.402771,EUR,10000000.00,EUR,10000000.00,CPTY_A,CPTY_A
Swap_20_416,Swap,2035-10-29,19.729029,99677.402771,EUR,99677.402771,EUR,10000000.00,EUR,10000000.00,CPTY_A,CPTY_A
Swap_20_417,Swap,2035-10-29,19.729029,99677.402771,EUR,99677.402771,EUR,10000000.00,EUR,10000000.00,CPTY_A,CPTY_A
Swap_20_418,Swap,2035-10-29,19.729029,99677.402771,EUR,99677.402771,EUR,10000000.00,EUR,10000000.00,CPTY_A,CPTY_A
Swap_20_419,Swap,2035-10-29,19.729029,99677.402771,EUR,99677.402771,EUR,10000000.00,EUR,10000000.00,CPTY_A,CPTY_A
Swap_20_42,Swap,2035-10-29,19.729029,99677.402771,EUR,99677.402771,EUR,10000000.00,EUR,10000000.00,CPTY_A,CPTY_A
Swap_20_420,Swap,2035-10-29,19.729029,99677.402771,EUR,99677.402771,EUR,10000000.00,EUR,10000000.00,CPTY_A,CPTY_A
Swap_20_421,Swap,2035-10-29,19.729029,99677.402771,EUR,99677.402771,EUR,10000000.00,EUR,10000000.00,CPTY_A,CPTY_A
Swap_20_422,Swap,2035-10-29,19.729029,99677.402771,EUR,99677.402771,EUR,10000000.00,EUR,10000000.00,CPTY_A,CPTY_A
Swap_20_423,Swap,2035-10-29,19.729029,99677.402771,EUR,99677.402771,EUR,10000000.00,EUR,10000000.00,CPTY_A,CPTY_A
Swap_20_424,Swap,2035-10-29,19.729029,99677.402771,EUR,99677.402771,EUR,10000000.00,EUR,10000000.00,CPTY_A,CPTY_A
Swap_20_425,Swap,2035-10-29,19.729029,99677.402771,EUR,99677.402771,EUR,10000000.00,EUR,10000000.00,CPTY_A,CPTY_A
Swap_20_426,Swap,2035-10-29,19.729029,99677.402771,EUR,99677.402771,EUR,10000000.00,EUR,10000000.00,CPTY_A,CPTY_A
Swap_20_427,Swap,2035-10-29,19.729029,99677.402771,EUR,99677.402771,EUR,10000000.00,EUR,10000000.00,CPTY_A,CPTY_A
Swap_20_428,Swap,2035-10-29,19.729029,99677.402771,EUR,99677.402771,EUR,10000000.00,EUR,10000000.00,CPTY_A,CPTY_A
Swap_20_429,Swap,2035-10-29,19.729029,99677.402771,EUR,99677.402771,EUR,10000000.00,EUR,10000000.00,CPTY_A,CPTY_A
Swap_20_43,Swap,2035-10-29,19.729029,99677.402771,EUR,99677.402771,EUR,10000000.00,EUR,10000000.00,CPTY_A,CPTY_A
Swap_20_430,Swap,2035-10-29,19.729029,99677.402771,EUR,99677.402771,EUR,10000000.00,EUR,10000000.00,CPTY_A,CPTY_A
Swap_20_431,Swap,2035-10-29,19.729029,99677.402771,EUR,99677.402771,EUR,10000000.00,EUR,10000000.00,CPTY_A,CPTY_A
Swap_20_432,Swap,2035-10-29,19.729029,99677.402771,EUR,99677.402771,EUR,10000000.00,EUR,10000000.00,CPTY_A,CPTY_A
Swap_20_433,Swap,2035-10-29,19.729029,99677.402771,EUR,99677.402771,EUR,10000000.00,EUR,10000000.00,CPTY_A,CPTY_A
Swap_20_434,Swap,2035-10-29,19.729029,99677.402771,EUR,99677.402771,EUR,10000000.00,EUR,10000000.00,CPTY_A,CPTY_A
Swap_20_435,Swap,2035-10-29,19.729029,99677.402771,EUR,99677.402771,EUR,10000000.00,EUR,10000000.00,CPTY_A,CPTY_A
Swap_20_436,Swap,2035-10-29,19.729029,99677.402771,EUR,99677.402771,EUR,10000000.00,EUR,10000000.00,CPTY_A,CPTY_A
Swap_20_437,Swap,2035-10-29,19.729029,99677.402771,EUR,99677.402771,EUR,10000000.00,EUR,10000000.00,CPTY_A,CPTY_A
Swap_20_438,Swap,2035-10-29,19.729029,99677.402771,EUR,99677.402771,EUR,10000000.00,EUR,10000000.00,CPTY_A,CPTY_A
Swap_20_439,Swap,2035-10-29,19.729029,99677.402771,EUR,99677.402771,EUR,10000000.00,EUR,10000000.00,CPTY_A,CPTY_A
Swap_20_44,Swap,2035-10-29,19.729029,99677.402771,EUR,99677.402771,EUR,10000000.00,EUR,10000000.00,CPTY_A,CPTY_A
Swap_20_440,Swap,2035-10-29,19.729029,99677.402771,EUR,99677.402771,EUR,10000000.00,EUR,10000000.00,CPTY_A,CPTY_A
Swap_20_441,Swap,2035-10-29,19.729029,99677.402771,EUR,99677.402771,EUR,10000000.00,EUR,10000000.00,CPTY_A,CPTY_A
Swap_20_442,Swap,2035-10-29,19.729029,99677.402771,EUR,99677.402771,EUR,10000000.00,EUR,10000000.00,CPTY_A,CPTY_A
Swap_20_443,Swap,2035-10-29,19.729029,99677.402771,EUR,99677.402771,EUR,10000000.00,EUR,10000000.00,CPTY_A,CPTY_A
Swap_20_444,Swap,2035-10-29,19.729029,99677.402771,EUR,99677.402771,EUR,10000000.00,EUR,10000000.00,CPTY_A,CPTY_A
Swap_20_445,Swap,2035-10-29,19.729029,99677.402771,EUR,99677.402771,EUR,10000000.00,EUR,10000000.00,CPTY_A,CPTY_A
Swap_20_446,Swap,2035-10-29,19.729029,99677.402771,EUR,99677.402771,EUR,10000000.00,EUR,10000000.00,CPTY_A,CPTY_A
Swap_20_447,Swap,2035-10-29,19.729029,99677.402771,EUR,99677.402771,EUR,10000000.00,EUR,10000000.00,CPTY_A,CPTY_A
Swap_20_448,Swap,2035-10-29,19.729029,99677.402771,EUR,99677.402771,EUR,10000000.00,EUR,10000000.00,CPTY_A,CPTY_A
Swap_20_449,Swap,2035-10-29,19.729029,99677.402771,EUR,99677.402771,EUR,10000000.00,EUR,10000000.00,CPTY_A,CPTY_A
Swap_20_45,Swap,2035-10-29,19.729029,99677.402771,EUR,99677.402771,EUR,10000000.00,EUR,10000000.00,CPTY_A,CPTY_A
Swap_20_450,Swap,2035-10-29,19.729029,99677.402771,EUR,99677.402771,EUR,10000000.00,EUR,10000000.00,CPTY_A,CPTY_A
Swap_20_451,Swap,2035-10-29,19.729029,99677.402771,EUR,99677.402771,EUR,10000000.00,EUR,10000000.00,CPTY_A,CPTY_A
Swap_20_452,Swap,2035-10-29,19.729029,99677.402771,EUR,99677.402771,EUR,10000000.00,EUR,10000000.00,CPTY_A,CPTY_A
Swap_20_453,Swap,2035-10-29,19.729029,99677.402771,EUR,99677.402771,EUR,10000000.00,EUR,10000000.00,CPTY_A,CPTY_A
Swap_20_454,Swap,2035-10-29,19.729029,99677.402771,EUR,99677.402771,EUR,10000000.00,EUR,10000000.00,CPTY_A,CPTY_A
Swap_20_455,Swap,2035-10-29,19.729029,99677.402771,EUR,99677.402771,EUR,10000000.00,EUR,10000000.00,CPTY_A,CPTY_A
Swap_20_456,Swap,2035-10-29,19.729029,99677.402771,EUR,99677.402771,EUR,10000000.00,EUR,10000000.00,CPTY_A,CPTY_A
Swap_20_457,Swap,2035-10-29,19.729029,99677.402771,EUR,99677.402771,EUR,10000000.00,EUR,10000000.00,CPTY_A,CPTY_A
Swap_20_458,Swap,2035-10-29,19.729029,99677.402771,EUR,99677.402771,EUR,10000000.00,EUR,10000000.00,CPTY_A,CPTY_A
Swap_20_459,Swap,2035-10-29,19.729029,99677.402771,EUR,99677.402771,EUR,10000000.00,EUR,10000000.00,CPTY_A,CPTY_A
Swap_20_46,Swap,2035-10-29,19.729029,99677.402771,EUR,99677.402771,EUR,10000000.00,EUR,10000000.00,CPTY_A,CPTY_A
Swap_20_460,Swap,2035-10-29,19.729029,99677.402771,EUR,99677.402771,EUR,10000000.00,EUR,10000000.00,CPTY_A,CPTY_A
Swap_20_461,Swap,2035-10-29,19.729029,99677.402771,EUR,99677.402771,EUR,10000000.00,EUR,10000000.00,CPTY_A,CPTY_A
Swap_20_462,Swap,2035-10-29,19.729029,99677.402771,EUR,99677.402771,EUR,10000000.00,EUR,10000000.00,CPTY_A,CPTY_A
Swap_20_463,Swap,2035-10-29,19.729029,99677.402771,EUR,99677.402771,EUR,10000000.00,EUR,10000000.00,CPTY_A,CPTY_A
Swap_20_464,Swap,2035-10-29,19.729029,99677.402771,EUR,99677.402771,EUR,10000000.00,EUR,10000000.00,CPTY_A,CPTY_A
Swap_20_465,Swap,2035-10-29,19.729029,99677.402771,EUR,99677.402771,EUR,10000000.00,EUR,10000000.00,CPTY_A,CPTY_A
Swap_20_466,Swap,2035-10-29,19.729029,99677.402771,EUR,99677.402771,EUR,10000000.00,EUR,10000000.00,CPTY_A,CPTY_A
Swap_20_467,Swap,2035-10-29,19.729029,99677.402771,EUR,99677.402771,EUR,10000000.00,EUR,10000000.00,CPTY_A,CPTY_A
Swap_20_468,Swap,2035-10-29,19.729029,99677.402771,EUR,99677.402771,EUR,10000000.00,EUR,10000000.00,CPTY_A,CPTY_A
Swap_20_469,Swap,2035-10-29,19.729029,99677.402771,EUR,99677.402771,EUR,10000000.00,EUR,10000000.00,CPTY_A,CPTY_A
Swap_20_47,Swap,2035-10-29,19.729029,99677.402771,EUR,99677.402771,EUR,10000000.00,EUR,10000000.00,CPTY_A,CPTY_A
Swap_20_470,Swap,2035-10-29,19.729029,99677.402771,EUR,99677.402771,EUR,10000000.00,EUR,10000000.00,CPTY_A,CPTY_A
Swap_20_471,Swap,2035-10-29,19.729029,99677.402771,EUR,99677.402771,EUR,10000000.00,EUR,10000000.00,CPTY_A,CPTY_A
Swap_20_472,Swap,2035-10-29,19.729029,99677.402771,EUR,99677.402771,EUR,10000000.00,EUR,10000000.00,CPTY_A,CPTY_A
Swap_20_473,Swap,2035-10-29,19.729029,99677.402771,EUR,99677.402771,EUR,10000000.00,EUR,10000000.00,CPTY_A,CPTY_A
Swap_20_474,Swap,2035-10-29,19.729029,99677.402771,EUR,99677.402771,EUR,10000000.00,EUR,10000000.00,CPTY_A,CPTY_A
Swap_20_475,Swap,2035-10-29,19.729029,99677.402771,EUR,99677.402771,EUR,10000000.00,EUR,10000000.00,CPTY_A,CPTY_A
Swap_20_476,Swap,2035-10-29,19.729029,99677.402771,EUR,99677.402771,EUR,10000000.00,EUR,10000000.00,CPTY_A,CPTY_A
Swap_20_477,Swap,2035-10-29,19.729029,99677.402771,EUR,99677.402771,EUR,10000000.00,EUR,10000000.00,CPTY_A,CPTY_A
Swap_20_478,Swap,2035-10-29,19.729029,99677.402771,EUR,99677.402771,EUR,10000000.00,EUR,10000000.00,CPTY_A,CPTY_A
Swap_20_479,Swap,2035-10-29,19.729029,99677.402771,EUR,99677.402771,EUR,10000000.00,EUR,10000000.00,CPTY_A,CPTY_A
Swap_20_48,Swap,2035-10-29,19.729029,99677.402771,EUR,99677.402771,EUR,10000000.00,EUR,10000000.00,CPTY_A,CPTY_A
Swap_20_480,Swap,2035-10-29,19.729029,99677.402771,EUR,99677.402771,EUR,10000000.00,EUR,10000000.00,CPTY_A,CPTY_A
Swap_20_481,Swap,2035-10-29,19.729029,99677.402771,EUR,99677.402771,EUR,10000000.00,EUR,10000000.00,CPTY_A,CPTY_A
Swap_20_482,Swap,2035-10-29,19.729029,99677.402771,EUR,99677.402771,EUR,10000000.00,EUR,10000000.00,CPTY_A,CPTY_A
Swap_20_483,Swap,2035-10-29,19.729029,99677.402771,EUR,99677.402771,EUR,10000000.00,EUR,10000000.00,CPTY_A,CPTY_A
Swap_20_484,Swap,2035-10-29,19.729029,99677.402771,EUR,99677.402771,EUR,10000000.00,EUR,10000000.00,CPTY_A,CPTY_A
Swap_20_485,Swap,2035-10-29,19.729029,99677.402771,EUR,99677.402771,EUR,10000000.00,EUR,10000000.00,CPTY_A,CPTY_A
Swap_20_486,Swap,2035-10-29,19.729029,99677.402771,EUR,99677.402771,EUR,10000000.00,EUR,10000000.00,CPTY_A,CPTY_A
Swap_20_487,Swap,2035-10-29,19.729029,99677.402771,EUR,99677.402771,EUR,10000000.00,EUR,10000000.00,CPTY_A,CPTY_A
Swap_20_488,Swap,2035-10-29,19.729029,99677.402771,EUR,99677.402771,EUR,10000000.00,EUR,10000000.00,CPTY_A,CPTY_A
Swap_20_489,Swap,2035-10-29,19.729029,99677.402771,EUR,99677.402771,EUR,10000000.00,EUR,10000000.00,CPTY_A,CPTY_A
Swap_20_49,Swap,2035-10-29,19.729029,99677.402771,EUR,99677.402771,EUR,10000000.00,EUR,10000000.00,CPTY_A,CPTY_A
Swap_20_490,Swap,2035-10-29,19.729029,99677.402771,EUR,99677.402771,EUR,10000000.00,EUR,10000000.00,CPTY_A,CPTY_A
Swap_20_491,Swap,2035-10-29,19.729029,99677.402771,EUR,99677.402771,EUR,10000000.00,EUR,10000000.00,CPTY_A,CPTY_A
Swap_20_492,Swap,2035-10-29,19.729029,99677.402771,EUR,99677.402771,EUR,10000000.00,EUR,10000000.00,CPTY_A,CPTY_A
Swap_20_493,Swap,2035-10-29,19.729029,99677.402771,EUR,99677.402771,EUR,10000000.00,EUR,10000000.00,CPTY_A,CPTY_A
Swap_20_494,Swap,2035-10-29,19.729029,99677.402771,EUR,99677.402771,EUR,10000000.00,EUR,10000000.00,CPTY_A,CPTY_A
Swap_20_495,Swap,2035-10-29,19.729029,99677.402771,EUR,99677.402771,EUR,10000000.00,EUR,10000000.00,CPTY_A,CPTY_A
Swap_20_496,Swap,2035-10-29,19.729029,99677.402771,EUR,99677.402771,EUR,10000000.00,EUR,10000000.00,CPTY_A,CPTY_A
Swap_20_497,Swap,2035-10-29,19.729029,99677.402771,EUR,99677.402771,EUR,10000000.00,EUR,10000000.00,CPTY_A,CPTY_A
Swap_20_498,Swap,2035-10-29,19.729029,99677.402771,EUR,99677.402771,EUR,10000000.00,EUR,10000000.00,CPTY_A,CPTY_A
Swap_20_499,Swap,2035-10-29,19.729029,99677.402771,EUR,99677.402771,EUR,10000000.00,EUR,10000000.00,CPTY_A,CPTY_A
Swap_20_5,Swap,2035-10-29,19.729029,99677.402771,EUR,99677.402771,EUR,10000000.00,EUR,10000000.00,CPTY_A,CPTY_A
Swap_20_50,Swap,2035-10-29,19.729029,99677.402771,EUR,99677.402771,EUR,10000000.00,EUR,10000000.00,CPTY_A,CPTY_A
Swap_20_500,Swap,2035-10-29,19.729029,99677.402771,EUR,99677.402771,EUR,10000000.00,EUR,10000000.00,CPTY_A,CPTY_A
Swap_20_51,Swap,2035-10-29,19.729029,99677.402771,EUR,99677.402771,EUR,10000000.00,EUR,10000000.00,CPTY_A,CPTY_A
Swap_20_52,Swap,2035-10-29,19.729029,99677.402771,EUR,99677.402771,EUR,10000000.00,EUR,10000000.00,CPTY_A,CPTY_A
Swap_20_53,Swap,2035-10-29,19.729029,99677.402771,EUR,99677.402771,EUR,10000000.00,EUR,10000000.00,CPTY_A,CPTY_A
Swap_20_54,Swap,2035-10-29,19.729029,99677.402771,EUR,99677.402771,EUR,10000000.00,EUR,10000000.00,CPTY_A,CPTY_A
Swap_20_55,Swap,2035-10-29,19.729029,99677.402771,EUR,99677.402771,EUR,10000000.00,EUR,10000000.00,CPTY_A,CPTY_A
Swap_20_56,Swap,2035-10-29,19.729029,99677.402771,EUR,99677.402771,EUR,10000000.00,EUR,10000000.00,CPTY_A,CPTY_A
Swap_20_57,Swap,2035-10-29,19.729029,99677.402771,EUR,99677.402771,EUR,10000000.00,EUR,10000000.00,CPTY_A,CPTY_A
Swap_20_58,Swap,2035-10-29,19.729029,99677.402771,EUR,99677.402771,EUR,10000000.00,EUR,10000000.00,CPTY_A,CPTY_A
Swap_20_59,Swap,2035-10-29,19.729029,99677.402771,EUR,99677.402771,EUR,10000000.00,EUR,10000000.00,CPTY_A,CPTY_A
Swap_20_6,Swap,2035-10-29,19.729029,99677.402771,EUR,99677.402771,EUR,10000000.00,EUR,10000000.00,CPTY_A,CPTY_A
Swap_20_60,Swap,2035-10-29,19.729029,99677.402771,EUR,99677.402771,EUR,10000000.00,EUR,10000000.00,CPTY_A,CPTY_A
Swap_20_61,Swap,2035-10-29,19.729029,99677.402771,EUR,99677.402771,EUR,10000000.00,EUR,10000000.00,CPTY_A,CPTY_A
Swap_20_62,Swap,2035-10-29,19.729029,99677.402771,EUR,99677.402771,EUR,10000000.00,EUR,10000000.00,CPTY_A,CPTY_A
Swap_20_63,Swap,2035-10-29,19.729029,99677.402771,EUR,99677.402771,EUR,10000000.00,EUR,10000000.00,CPTY_A,CPTY_A
Swap_20_64,Swap,2035-10-29,19.729029,99677.402771,EUR,99677.402771,EUR,10000000.00,EUR,10000000.00,CPTY_A,CPTY_A
Swap_20_65,Swap,2035-10-29,19.729029,99677.402771,EUR,99677.402771,EUR,10000000.00,EUR,10000000.00,CPTY_A,CPTY_A
Swap_20_66,Swap,2035-10-29,19.729029,99677.402771,EUR,99677.402771,EUR,10000000.00,EUR,10000000.00,CPTY_A,CPTY_A
Swap_20_67,Swap,2035-10-29,19.729029,99677.402771,EUR,99677.402771,EUR,10000000.00,EUR,10000000.00,CPTY_A,CPTY_A
Swap_20_68,Swap,2035-10-29,19.729029,99677.402771,EUR,99677.402771,EUR,10000000.00,EUR,10000000.00,CPTY_A,CPTY_A
Swap_20_69,Swap,2035-10-29,19.729029,99677.402771,EUR,99677.402771,EUR,10000000.00,EUR,10000000.00,CPTY_A,CPTY_A
Swap_20_7,Swap,2035-10-29,19.729029,99677.402771,EUR,99677.402771,EUR,10000000.00,EUR,10000000.00,CPTY_A,CPTY_A
Swap_20_70,Swap,2035-10-29,19.729029,99677.402771,EUR,99677.402771,EUR,10000000.00,EUR,10000000.00,CPTY_A,CPTY_A
Swap_20_71,Swap,2035-10-29,19.729029,99677.402771,EUR,99677.402771,EUR,10000000.00,EUR,10000000.00,CPTY_A,CPTY_A
Swap_20_72,Swap,2035-10-29,19.729029,99677.402771,EUR,99677.402771,EUR,10000000.00,EUR,10000000.00,CPTY_A,CPTY_A
Swap_20_73,Swap,2035-10-29,19.729029,99677.402771,EUR,99677.402771,EUR,10000000.00,EUR,10000000.00,CPTY_A,CPTY_A
Swap_20_74,Swap,2035-10-29,19.729029,99677.402771,EUR,99677.402771,EUR,10000000.00,EUR,10000000.00,CPTY_A,CPTY_A
Swap_20_75,Swap,2035-10-29,19.729029,99677.402771,EUR,99677.402771,EUR,10000000.00,EUR,10000000.00,CPTY_A,CPTY_A
Swap_20_76,Swap,2035-10-29,19.729029,99677.402771,EUR,99677.402771,EUR,10000000.00,EUR,10000000.00,CPTY_A,CPTY_A
Swap_20_77,Swap,2035-10-29,19.729029,99677.402771,EUR,99677.402771,EUR,10000000.00,EUR,10000000.00,CPTY_A,CPTY_A
Swap_20_78,Swap,2035-10-29,19.729029,99677.402771,EUR,99677.402771,EUR,10000000.00,EUR,10000000.00,CPTY_A,CPTY_A
Swap_20_79,Swap,2035-10-29,19.729029,99677.402771,EUR,99677.402771,EUR,10000000.00,EUR,10000000.00,CPTY_A,CPTY_A
Swap_20_8,Swap,2035-10-29,19.729029,99677.402771,EUR,99677.402771,EUR,10000000.00,EUR,10000000.00,CPTY_A,CPTY_A
Swap_20_80,Swap,2035-10-29,19.729029,99677.402771,EUR,99677.402771,EUR,10000000.00,EUR,10000000.00,CPTY_A,CPTY_A
Swap_20_81,Swap,2035-10-29,19.729029,99677.402771,EUR,99677.402771,EUR,10000000.00,EUR,10000000.00,CPTY_A,CPTY_A
Swap_20_82,Swap,2035-10-29,19.729029,99677.402771,EUR,99677.402771,EUR,10000000.00,EUR,10000000.00,CPTY_A,CPTY_A
Swap_20_83,Swap,2035-10-29,19.729029,99677.402771,EUR,99677.402771,EUR,10000000.00,EUR,10000000.00,CPTY_A,CPTY_A
Swap_20_84,Swap,2035-10-29,19.729029,99677.402771,EUR,99677.402771,EUR,10000000.00,EUR,10000000.00,CPTY_A,CPTY_A
Swap_20_85,Swap,2035-10-29,19.729029,99677.402771,EUR,99677.402771,EUR,10000000.00,EUR,10000000.00,CPTY_A,CPTY_A
Swap_20_86,Swap,2035-10-29,19.729029,99677.402771,EUR,99677.402771,EUR,10000000.00,EUR,10000000.00,CPTY_A,CPTY_A
Swap_20_87,Swap,2035-10-29,19.729029,99677.402771,EUR,99677.402771,EUR,10000000.00,EUR,10000000.00,CPTY_A,CPTY_A
Swap_20_88,Swap,2035-10-29,19.729029,99677.402771,EUR,99677.402771,EUR,10000000.00,EUR,10000000.00,CPTY_A,CPTY_A
Swap_20_89,Swap,2035-10-29,19.729029,99677.402771,EUR,99677.402771,EUR,10000000.00,EUR,10000000.00,CPTY_A,CPTY_A
Swap_20_9,Swap,2035-10-29,19.729029,99677.402771,EUR,99677.402771,EUR,10000000.00,EUR,10000000.00,CPTY_A,CPTY_A
Swap_20_90,Swap,2035-10-29,19.729029,99677.402771,EUR,99677.402771,EUR,10000000.00,EUR,10000000.00,CPTY_A,CPTY_A
Swap_20_91,Swap,2035-10-29,19.729029,99677.402771,EUR,99677.402771,EUR,10000000.00,EUR,10000000.00,CPTY_A,CPTY_A
Swap_20_92,Swap,2035-10-29,19.729029,99677.402771,EUR,99677.402771,EUR,10000000.00,EUR,10000000.00,CPTY_A,CPTY_A
Swap_20_93,Swap,2035-10-29,19.729029,99677.402771,EUR,99677.402771,EUR,10000000.00,EUR,10000000.00,CPTY_A,CPTY_A
Swap_20_94,Swap,2035-10-29,19.729029,99677.402771,EUR,99677.402771,EUR,10000000.00,EUR,10000000.00,CPTY_A,CPTY_A
Swap_20_95,Swap,2035-10-29,19.729029,99677.402771,EUR,99677.402771,EUR,10000000.00,EUR,10000000.00,CPTY_A,CPTY_A
Swap_20_96,Swap,2035-10-29,19.729029,99677.402771,EUR,99677.402771,EUR,10000000.00,EUR,10000000.00,CPTY_A,CPTY_A
Swap_20_97,Swap,2035-10-29,19.729029,99677.402771,EUR,99677.402771,EUR,10000000.00,EUR,10000000.00,CPTY_A,CPTY_A
Swap_20_98,Swap,2035-10-29,19.729029,99677.402771,EUR,99677.402771,EUR,10000000.00,EUR,10000000.00,CPTY_A,CPTY_A
Swap_20_99,Swap,2035-10-29,19.729029,99677.402771,EUR,99677.402771,EUR,10000000.00,EUR,10000000.00,CPTY_A,CPTY_A
